{
    "eval_exact": 50.07159100480081,
    "eval_f1": 50.07159100480081,
    "eval_total": 11873,
    "eval_HasAns_exact": 0.0,
    "eval_HasAns_f1": 0.0,
    "eval_HasAns_total": 5928,
    "eval_NoAns_exact": 100.0,
    "eval_NoAns_f1": 100.0,
    "eval_NoAns_total": 5945,
    "eval_best_exact": 50.07159100480081,
    "eval_best_exact_thresh": 0.0,
    "eval_best_f1": 50.07159100480081,
    "eval_best_f1_thresh": 0.0
}